{
  "project_info": {
    "project_number": "761400262104",
    "project_id": "yayteam-db1ca",
    "storage_bucket": "yayteam-db1ca.appspot.com"
  },
  "client": [
    {
      "client_info": {
        "mobilesdk_app_id": "1:761400262104:android:547d20b257dd89c02506ad",
        "android_client_info": {
          "package_name": "com.example.yay"
        }
      },
      "oauth_client": [
        {
          "client_id": "761400262104-obnu5q72qjjjd6rq73a2emfjgvkm5tdk.apps.googleusercontent.com",
          "client_type": 1,
          "android_info": {
            "package_name": "com.example.yay",
            "certificate_hash": "280407bfaf64f71867521faaa37fc96d7cee07f1"
          }
        },
        {
          "client_id": "761400262104-rmu841fh9h610vrh1d0ipt745u05rs27.apps.googleusercontent.com",
          "client_type": 3
        }
      ],
      "api_key": [
        {
          "current_key": "AIzaSyAyfQZaBsc8BKMhybZswx-OV6aS1-xdf-k"
        }
      ],
      "services": {
        "appinvite_service": {
          "other_platform_oauth_client": [
            {
              "client_id": "761400262104-rmu841fh9h610vrh1d0ipt745u05rs27.apps.googleusercontent.com",
              "client_type": 3
            }
          ]
        }
      }
    },
    {
      "client_info": {
        "mobilesdk_app_id": "1:761400262104:android:dd48cb4b23ddca992506ad",
        "android_client_info": {
          "package_name": "com.yay.station"
        }
      },
      "oauth_client": [
        {
          "client_id": "761400262104-6fkdchn6pg53s29p16fkret4q4vauk70.apps.googleusercontent.com",
          "client_type": 1,
          "android_info": {
            "package_name": "com.yay.station",
            "certificate_hash": "280407bfaf64f71867521faaa37fc96d7cee07f1"
          }
        },
        {
          "client_id": "761400262104-rmu841fh9h610vrh1d0ipt745u05rs27.apps.googleusercontent.com",
          "client_type": 3
        }
      ],
      "api_key": [
        {
          "current_key": "AIzaSyAyfQZaBsc8BKMhybZswx-OV6aS1-xdf-k"
        }
      ],
      "services": {
        "appinvite_service": {
          "other_platform_oauth_client": [
            {
              "client_id": "761400262104-rmu841fh9h610vrh1d0ipt745u05rs27.apps.googleusercontent.com",
              "client_type": 3
            }
          ]
        }
      }
    }
  ],
  "configuration_version": "1"
}